head_id,tail_id,rel
0,1,HAS_TAG
0,2,HAS_TAG
0,3,CONTAINS
4,5,HAS_TAG
4,6,HAS_TAG
4,7,CONTAINS
8,9,HAS_TAG
8,10,HAS_TAG
8,11,CONTAINS
12,13,HAS_TAG
12,14,HAS_TAG
12,15,CONTAINS
16,17,HAS_TAG
16,18,HAS_TAG
16,19,CONTAINS
20,1,HAS_TAG
20,21,HAS_TAG
20,22,CONTAINS
23,13,HAS_TAG
23,24,HAS_TAG
23,25,CONTAINS
26,27,HAS_TAG
26,28,HAS_TAG
26,29,CONTAINS
30,13,HAS_TAG
30,31,HAS_TAG
30,32,CONTAINS
33,27,HAS_TAG
33,34,HAS_TAG
33,35,CONTAINS
36,17,HAS_TAG
36,24,HAS_TAG
36,37,CONTAINS
38,39,HAS_TAG
38,40,HAS_TAG
38,41,CONTAINS
42,5,HAS_TAG
42,40,HAS_TAG
42,43,CONTAINS
44,9,HAS_TAG
44,45,HAS_TAG
44,46,CONTAINS
47,9,HAS_TAG
47,48,HAS_TAG
47,49,CONTAINS
50,51,HAS_TAG
50,52,HAS_TAG
50,53,CONTAINS
54,55,HAS_TAG
54,56,HAS_TAG
54,57,CONTAINS
58,17,HAS_TAG
58,59,HAS_TAG
58,60,CONTAINS
61,39,HAS_TAG
61,62,HAS_TAG
61,63,CONTAINS
64,39,HAS_TAG
64,65,HAS_TAG
64,66,CONTAINS
67,1,HAS_TAG
67,68,HAS_TAG
67,69,CONTAINS
70,71,HAS_TAG
70,72,HAS_TAG
70,73,CONTAINS
74,75,HAS_TAG
74,76,HAS_TAG
74,77,CONTAINS
78,10,HAS_TAG
78,79,HAS_TAG
78,80,CONTAINS
81,27,HAS_TAG
81,82,HAS_TAG
81,83,CONTAINS
84,39,HAS_TAG
84,85,HAS_TAG
84,86,CONTAINS
87,1,HAS_TAG
87,88,HAS_TAG
87,89,CONTAINS
90,91,HAS_TAG
90,92,HAS_TAG
90,93,CONTAINS
94,51,HAS_TAG
94,95,HAS_TAG
94,96,CONTAINS
97,98,HAS_TAG
97,99,HAS_TAG
97,100,CONTAINS
101,17,HAS_TAG
101,102,HAS_TAG
101,103,CONTAINS
104,75,HAS_TAG
104,105,HAS_TAG
104,106,CONTAINS
107,17,HAS_TAG
107,40,HAS_TAG
107,108,CONTAINS
109,5,HAS_TAG
109,6,HAS_TAG
109,110,CONTAINS
111,17,HAS_TAG
111,112,HAS_TAG
111,113,CONTAINS
114,115,HAS_TAG
114,9,HAS_TAG
114,116,CONTAINS
117,68,HAS_TAG
117,118,HAS_TAG
117,119,CONTAINS
120,5,HAS_TAG
120,121,HAS_TAG
120,122,CONTAINS
123,124,HAS_TAG
123,125,HAS_TAG
123,126,CONTAINS
127,39,HAS_TAG
127,128,HAS_TAG
127,129,CONTAINS
130,17,HAS_TAG
130,131,HAS_TAG
130,132,CONTAINS
133,134,HAS_TAG
133,6,HAS_TAG
133,135,CONTAINS
136,17,HAS_TAG
136,59,HAS_TAG
136,137,CONTAINS
138,51,HAS_TAG
138,18,HAS_TAG
138,139,CONTAINS
140,10,HAS_TAG
140,141,HAS_TAG
140,142,CONTAINS
143,5,HAS_TAG
143,144,HAS_TAG
143,145,CONTAINS
146,51,HAS_TAG
146,147,HAS_TAG
146,148,CONTAINS
149,39,HAS_TAG
149,95,HAS_TAG
149,150,CONTAINS
151,91,HAS_TAG
151,152,HAS_TAG
151,153,CONTAINS
154,155,HAS_TAG
154,156,HAS_TAG
154,157,CONTAINS
158,27,HAS_TAG
158,76,HAS_TAG
158,159,CONTAINS
160,10,HAS_TAG
160,161,HAS_TAG
160,162,CONTAINS
163,13,HAS_TAG
163,164,HAS_TAG
163,165,CONTAINS
166,13,HAS_TAG
166,24,HAS_TAG
166,167,CONTAINS
168,13,HAS_TAG
168,169,HAS_TAG
168,170,CONTAINS
171,17,HAS_TAG
171,172,HAS_TAG
171,173,CONTAINS
174,9,HAS_TAG
174,65,HAS_TAG
174,175,CONTAINS
176,17,HAS_TAG
176,177,HAS_TAG
176,178,CONTAINS
179,39,HAS_TAG
179,95,HAS_TAG
179,180,CONTAINS
181,91,HAS_TAG
181,182,HAS_TAG
181,183,CONTAINS
184,51,HAS_TAG
184,76,HAS_TAG
184,185,CONTAINS
186,17,HAS_TAG
186,102,HAS_TAG
186,187,CONTAINS
188,17,HAS_TAG
188,189,HAS_TAG
188,190,CONTAINS
191,124,HAS_TAG
191,192,HAS_TAG
191,193,CONTAINS
194,17,HAS_TAG
194,112,HAS_TAG
194,195,CONTAINS
196,68,HAS_TAG
196,197,HAS_TAG
196,198,CONTAINS
199,91,HAS_TAG
199,200,HAS_TAG
199,201,CONTAINS
202,39,HAS_TAG
202,65,HAS_TAG
202,203,CONTAINS
204,5,HAS_TAG
204,205,HAS_TAG
204,206,CONTAINS
207,1,HAS_TAG
207,208,HAS_TAG
207,209,CONTAINS
210,211,HAS_TAG
210,212,HAS_TAG
210,213,CONTAINS
214,55,HAS_TAG
214,215,HAS_TAG
214,216,CONTAINS
217,17,HAS_TAG
217,59,HAS_TAG
217,218,CONTAINS
219,220,HAS_TAG
219,221,HAS_TAG
219,222,CONTAINS
223,75,HAS_TAG
223,112,HAS_TAG
223,224,CONTAINS
225,17,HAS_TAG
225,226,HAS_TAG
225,227,CONTAINS
228,229,HAS_TAG
228,230,HAS_TAG
228,231,CONTAINS
232,233,HAS_TAG
232,234,HAS_TAG
232,235,CONTAINS
236,39,HAS_TAG
236,237,HAS_TAG
236,238,CONTAINS
239,240,HAS_TAG
239,241,HAS_TAG
239,242,CONTAINS
243,244,HAS_TAG
243,245,HAS_TAG
243,246,CONTAINS
247,155,HAS_TAG
247,248,HAS_TAG
247,249,CONTAINS
250,251,HAS_TAG
250,248,HAS_TAG
250,252,CONTAINS
253,254,HAS_TAG
253,255,HAS_TAG
253,256,CONTAINS
257,75,HAS_TAG
257,258,HAS_TAG
257,259,CONTAINS
260,91,HAS_TAG
260,261,HAS_TAG
260,262,CONTAINS
263,244,HAS_TAG
263,264,HAS_TAG
263,265,CONTAINS
266,248,HAS_TAG
266,241,HAS_TAG
266,267,CONTAINS
268,269,HAS_TAG
268,270,HAS_TAG
268,271,CONTAINS
272,71,HAS_TAG
272,273,HAS_TAG
272,274,CONTAINS
275,68,HAS_TAG
275,273,HAS_TAG
275,276,CONTAINS
277,17,HAS_TAG
277,278,HAS_TAG
277,279,CONTAINS
280,51,HAS_TAG
280,72,HAS_TAG
280,281,CONTAINS
282,17,HAS_TAG
282,283,HAS_TAG
282,284,CONTAINS
285,286,HAS_TAG
285,287,HAS_TAG
285,288,CONTAINS
289,39,HAS_TAG
289,85,HAS_TAG
289,86,CONTAINS
290,269,HAS_TAG
290,177,HAS_TAG
290,291,CONTAINS
292,91,HAS_TAG
292,293,HAS_TAG
292,294,CONTAINS
295,244,HAS_TAG
295,296,HAS_TAG
295,297,CONTAINS
298,155,HAS_TAG
298,299,HAS_TAG
298,300,CONTAINS
301,302,HAS_TAG
301,303,HAS_TAG
301,304,CONTAINS
305,302,HAS_TAG
305,59,HAS_TAG
305,306,CONTAINS
307,17,HAS_TAG
307,308,HAS_TAG
307,309,CONTAINS
310,311,HAS_TAG
310,312,HAS_TAG
310,313,CONTAINS
314,134,HAS_TAG
314,147,HAS_TAG
314,315,CONTAINS
316,39,HAS_TAG
316,85,HAS_TAG
316,317,CONTAINS
318,68,HAS_TAG
318,319,HAS_TAG
318,320,CONTAINS
321,322,HAS_TAG
321,323,HAS_TAG
321,324,CONTAINS
325,311,HAS_TAG
325,326,HAS_TAG
325,327,CONTAINS
328,329,HAS_TAG
328,215,HAS_TAG
328,330,CONTAINS
331,85,HAS_TAG
331,332,HAS_TAG
331,333,CONTAINS
334,335,HAS_TAG
334,144,HAS_TAG
334,336,CONTAINS
337,27,HAS_TAG
337,338,HAS_TAG
337,339,CONTAINS
340,68,HAS_TAG
340,341,HAS_TAG
340,342,CONTAINS
343,329,HAS_TAG
343,344,HAS_TAG
343,345,CONTAINS
346,6,HAS_TAG
346,347,HAS_TAG
346,201,CONTAINS
348,6,HAS_TAG
348,349,HAS_TAG
348,350,CONTAINS
351,352,HAS_TAG
351,65,HAS_TAG
351,353,CONTAINS
354,17,HAS_TAG
354,226,HAS_TAG
354,355,CONTAINS
356,6,HAS_TAG
356,357,HAS_TAG
356,358,CONTAINS
359,91,HAS_TAG
359,360,HAS_TAG
359,361,CONTAINS
362,244,HAS_TAG
362,34,HAS_TAG
362,363,CONTAINS
364,6,HAS_TAG
364,365,HAS_TAG
364,366,CONTAINS
367,368,HAS_TAG
367,369,HAS_TAG
367,370,CONTAINS
371,372,HAS_TAG
371,373,HAS_TAG
371,374,CONTAINS
375,376,HAS_TAG
375,182,HAS_TAG
375,377,CONTAINS
378,6,HAS_TAG
378,379,HAS_TAG
378,380,CONTAINS
381,335,HAS_TAG
381,382,HAS_TAG
381,383,CONTAINS
384,368,HAS_TAG
384,385,HAS_TAG
384,386,CONTAINS
387,365,HAS_TAG
387,388,HAS_TAG
387,389,CONTAINS
390,6,HAS_TAG
390,391,HAS_TAG
390,392,CONTAINS
393,244,HAS_TAG
393,245,HAS_TAG
393,246,CONTAINS
394,395,HAS_TAG
394,6,HAS_TAG
394,396,CONTAINS
397,365,HAS_TAG
397,398,HAS_TAG
397,399,CONTAINS
400,68,HAS_TAG
400,401,HAS_TAG
400,402,CONTAINS
403,404,HAS_TAG
403,405,HAS_TAG
403,406,CONTAINS
407,404,HAS_TAG
407,408,HAS_TAG
407,409,CONTAINS
410,322,HAS_TAG
410,372,HAS_TAG
410,411,CONTAINS
412,17,HAS_TAG
412,144,HAS_TAG
412,413,CONTAINS
414,415,HAS_TAG
414,416,HAS_TAG
414,417,CONTAINS
418,419,HAS_TAG
418,420,HAS_TAG
418,421,CONTAINS
422,404,HAS_TAG
422,423,HAS_TAG
422,424,CONTAINS
425,27,HAS_TAG
425,338,HAS_TAG
425,426,CONTAINS
427,6,HAS_TAG
427,428,HAS_TAG
427,429,CONTAINS
430,365,HAS_TAG
430,431,HAS_TAG
430,432,CONTAINS
433,10,HAS_TAG
433,434,HAS_TAG
433,435,CONTAINS
436,10,HAS_TAG
436,437,HAS_TAG
436,438,CONTAINS
439,286,HAS_TAG
439,147,HAS_TAG
439,440,CONTAINS
441,51,HAS_TAG
441,442,HAS_TAG
441,443,CONTAINS
444,68,HAS_TAG
444,445,HAS_TAG
444,446,CONTAINS
447,39,HAS_TAG
447,95,HAS_TAG
447,448,CONTAINS
449,95,HAS_TAG
449,450,HAS_TAG
449,451,CONTAINS
452,91,HAS_TAG
452,453,HAS_TAG
452,454,CONTAINS
455,24,HAS_TAG
455,456,HAS_TAG
455,457,CONTAINS
458,1,HAS_TAG
458,459,HAS_TAG
458,460,CONTAINS
461,244,HAS_TAG
461,462,HAS_TAG
461,463,CONTAINS
464,465,HAS_TAG
464,466,HAS_TAG
464,467,CONTAINS
468,469,HAS_TAG
468,13,HAS_TAG
468,470,CONTAINS
471,244,HAS_TAG
471,34,HAS_TAG
471,472,CONTAINS
473,68,HAS_TAG
473,474,HAS_TAG
473,475,CONTAINS
476,10,HAS_TAG
476,141,HAS_TAG
476,477,CONTAINS
478,479,HAS_TAG
478,312,HAS_TAG
478,480,CONTAINS
481,482,HAS_TAG
481,466,HAS_TAG
481,483,CONTAINS
484,485,HAS_TAG
484,6,HAS_TAG
484,486,CONTAINS
487,27,HAS_TAG
487,488,HAS_TAG
487,489,CONTAINS
490,169,HAS_TAG
490,10,HAS_TAG
490,491,CONTAINS
492,302,HAS_TAG
492,59,HAS_TAG
492,493,CONTAINS
494,17,HAS_TAG
494,495,HAS_TAG
494,496,CONTAINS
497,404,HAS_TAG
497,197,HAS_TAG
497,498,CONTAINS
499,311,HAS_TAG
499,500,HAS_TAG
499,501,CONTAINS
502,1,HAS_TAG
502,459,HAS_TAG
502,460,CONTAINS
503,5,HAS_TAG
503,504,HAS_TAG
503,505,CONTAINS
506,485,HAS_TAG
506,311,HAS_TAG
506,507,CONTAINS
508,10,HAS_TAG
508,509,HAS_TAG
508,510,CONTAINS
511,85,HAS_TAG
511,512,HAS_TAG
511,513,CONTAINS
514,244,HAS_TAG
514,515,HAS_TAG
514,516,CONTAINS
517,6,HAS_TAG
517,518,HAS_TAG
517,350,CONTAINS
519,520,HAS_TAG
519,34,HAS_TAG
519,521,CONTAINS
522,6,HAS_TAG
522,523,HAS_TAG
522,524,CONTAINS
525,526,HAS_TAG
525,6,HAS_TAG
525,256,CONTAINS
527,17,HAS_TAG
527,528,HAS_TAG
527,529,CONTAINS
530,531,HAS_TAG
530,532,HAS_TAG
530,533,CONTAINS
534,52,HAS_TAG
534,535,HAS_TAG
534,536,CONTAINS
537,6,HAS_TAG
537,538,HAS_TAG
537,539,CONTAINS
540,541,HAS_TAG
540,542,HAS_TAG
540,543,CONTAINS
544,372,HAS_TAG
544,545,HAS_TAG
544,546,CONTAINS
547,548,HAS_TAG
547,549,HAS_TAG
547,550,CONTAINS
551,144,HAS_TAG
551,552,HAS_TAG
551,553,CONTAINS
554,555,HAS_TAG
554,52,HAS_TAG
554,556,CONTAINS
557,558,HAS_TAG
557,559,HAS_TAG
557,560,CONTAINS
561,562,HAS_TAG
561,563,HAS_TAG
561,564,CONTAINS
565,566,HAS_TAG
565,567,HAS_TAG
565,568,CONTAINS
569,545,HAS_TAG
569,570,HAS_TAG
569,571,CONTAINS
572,244,HAS_TAG
572,34,HAS_TAG
572,573,CONTAINS
574,575,HAS_TAG
574,335,HAS_TAG
574,576,CONTAINS
577,39,HAS_TAG
577,85,HAS_TAG
577,578,CONTAINS
579,17,HAS_TAG
579,580,HAS_TAG
579,581,CONTAINS
582,583,HAS_TAG
582,584,HAS_TAG
582,585,CONTAINS
586,587,HAS_TAG
586,588,HAS_TAG
586,589,CONTAINS
590,10,HAS_TAG
590,575,HAS_TAG
590,591,CONTAINS
592,10,HAS_TAG
592,593,HAS_TAG
592,594,CONTAINS
595,368,HAS_TAG
595,596,HAS_TAG
595,597,CONTAINS
598,599,HAS_TAG
598,600,HAS_TAG
598,601,CONTAINS
602,563,HAS_TAG
602,603,HAS_TAG
602,604,CONTAINS
605,606,HAS_TAG
605,607,HAS_TAG
605,608,CONTAINS
609,335,HAS_TAG
609,610,HAS_TAG
609,611,CONTAINS
612,335,HAS_TAG
612,613,HAS_TAG
612,614,CONTAINS
615,616,HAS_TAG
615,617,HAS_TAG
615,618,CONTAINS
619,563,HAS_TAG
619,620,HAS_TAG
619,621,CONTAINS
622,623,HAS_TAG
622,624,HAS_TAG
622,625,CONTAINS
626,627,HAS_TAG
626,628,HAS_TAG
626,629,CONTAINS
630,631,HAS_TAG
630,632,HAS_TAG
630,633,CONTAINS
634,631,HAS_TAG
634,584,HAS_TAG
634,635,CONTAINS
636,261,HAS_TAG
636,637,HAS_TAG
636,638,CONTAINS
639,155,HAS_TAG
639,640,HAS_TAG
639,641,CONTAINS
642,27,HAS_TAG
642,28,HAS_TAG
642,29,CONTAINS
643,13,HAS_TAG
643,644,HAS_TAG
643,25,CONTAINS
645,13,HAS_TAG
645,161,HAS_TAG
645,646,CONTAINS
647,13,HAS_TAG
647,648,HAS_TAG
647,649,CONTAINS
650,45,HAS_TAG
650,651,HAS_TAG
650,652,CONTAINS
653,654,HAS_TAG
653,261,HAS_TAG
653,655,CONTAINS
656,623,HAS_TAG
656,657,HAS_TAG
656,658,CONTAINS
659,660,HAS_TAG
659,88,HAS_TAG
659,661,CONTAINS
662,563,HAS_TAG
662,663,HAS_TAG
662,664,CONTAINS
665,666,HAS_TAG
665,323,HAS_TAG
665,667,CONTAINS
668,616,HAS_TAG
668,669,HAS_TAG
668,670,CONTAINS
671,124,HAS_TAG
671,672,HAS_TAG
671,673,CONTAINS
674,675,HAS_TAG
674,676,HAS_TAG
674,677,CONTAINS
678,679,HAS_TAG
678,680,HAS_TAG
678,681,CONTAINS
682,683,HAS_TAG
682,112,HAS_TAG
682,684,CONTAINS
685,372,HAS_TAG
685,686,HAS_TAG
685,687,CONTAINS
688,6,HAS_TAG
688,408,HAS_TAG
688,689,CONTAINS
690,10,HAS_TAG
690,691,HAS_TAG
690,692,CONTAINS
693,10,HAS_TAG
693,694,HAS_TAG
693,695,CONTAINS
696,404,HAS_TAG
696,697,HAS_TAG
696,698,CONTAINS
699,335,HAS_TAG
699,144,HAS_TAG
699,700,CONTAINS
701,10,HAS_TAG
701,702,HAS_TAG
701,703,CONTAINS
704,6,HAS_TAG
704,705,HAS_TAG
704,706,CONTAINS
707,10,HAS_TAG
707,708,HAS_TAG
707,435,CONTAINS
709,710,HAS_TAG
709,711,HAS_TAG
709,712,CONTAINS
713,85,HAS_TAG
713,332,HAS_TAG
713,714,CONTAINS
715,372,HAS_TAG
715,686,HAS_TAG
715,687,CONTAINS
716,717,HAS_TAG
716,718,HAS_TAG
716,719,CONTAINS
720,365,HAS_TAG
720,721,HAS_TAG
720,399,CONTAINS
722,723,HAS_TAG
722,724,HAS_TAG
722,725,CONTAINS
726,85,HAS_TAG
726,332,HAS_TAG
726,714,CONTAINS
727,372,HAS_TAG
727,686,HAS_TAG
727,687,CONTAINS
728,13,HAS_TAG
728,624,HAS_TAG
728,729,CONTAINS
730,71,HAS_TAG
730,59,HAS_TAG
730,731,CONTAINS
732,240,HAS_TAG
732,733,HAS_TAG
732,673,CONTAINS
734,27,HAS_TAG
734,338,HAS_TAG
734,426,CONTAINS
735,736,HAS_TAG
735,737,HAS_TAG
735,738,CONTAINS
343,739,CONTAINS
740,5,HAS_TAG
740,733,HAS_TAG
740,741,CONTAINS
742,85,HAS_TAG
742,743,HAS_TAG
742,744,CONTAINS
745,372,HAS_TAG
745,746,HAS_TAG
745,747,CONTAINS
748,616,HAS_TAG
748,749,HAS_TAG
748,750,CONTAINS
751,752,HAS_TAG
751,753,HAS_TAG
751,754,CONTAINS
755,286,HAS_TAG
755,756,HAS_TAG
755,757,CONTAINS
758,17,HAS_TAG
758,40,HAS_TAG
758,108,CONTAINS
759,5,HAS_TAG
759,6,HAS_TAG
759,760,CONTAINS
761,329,HAS_TAG
761,344,HAS_TAG
761,762,CONTAINS
763,365,HAS_TAG
763,398,HAS_TAG
763,399,CONTAINS
764,68,HAS_TAG
764,273,HAS_TAG
764,765,CONTAINS
766,372,HAS_TAG
766,767,HAS_TAG
766,768,CONTAINS
769,770,HAS_TAG
769,771,HAS_TAG
769,772,CONTAINS
773,360,HAS_TAG
773,774,HAS_TAG
773,775,CONTAINS
776,365,HAS_TAG
776,721,HAS_TAG
776,399,CONTAINS
777,778,HAS_TAG
777,779,HAS_TAG
777,780,CONTAINS
781,782,HAS_TAG
781,528,HAS_TAG
781,783,CONTAINS
784,785,HAS_TAG
784,786,HAS_TAG
784,448,CONTAINS
787,465,HAS_TAG
787,466,HAS_TAG
787,788,CONTAINS
789,244,HAS_TAG
789,34,HAS_TAG
789,472,CONTAINS
790,479,HAS_TAG
790,312,HAS_TAG
790,480,CONTAINS
791,10,HAS_TAG
791,792,HAS_TAG
791,491,CONTAINS
793,51,HAS_TAG
793,9,HAS_TAG
793,794,CONTAINS
795,68,HAS_TAG
795,796,HAS_TAG
795,797,CONTAINS
798,799,HAS_TAG
798,76,HAS_TAG
798,800,CONTAINS
801,27,HAS_TAG
801,24,HAS_TAG
801,802,CONTAINS
803,10,HAS_TAG
803,804,HAS_TAG
803,805,CONTAINS
806,91,HAS_TAG
806,807,HAS_TAG
806,808,CONTAINS
809,810,HAS_TAG
809,811,HAS_TAG
809,812,CONTAINS
813,91,HAS_TAG
813,814,HAS_TAG
813,815,CONTAINS
816,71,HAS_TAG
816,817,HAS_TAG
816,818,CONTAINS
819,124,HAS_TAG
819,820,HAS_TAG
819,821,CONTAINS
822,482,HAS_TAG
822,823,HAS_TAG
822,824,CONTAINS
825,68,HAS_TAG
825,826,HAS_TAG
825,827,CONTAINS
828,39,HAS_TAG
828,829,HAS_TAG
828,830,CONTAINS
831,17,HAS_TAG
831,76,HAS_TAG
831,832,CONTAINS
833,27,HAS_TAG
833,834,HAS_TAG
833,835,CONTAINS
836,39,HAS_TAG
836,837,HAS_TAG
836,838,CONTAINS
839,91,HAS_TAG
839,840,HAS_TAG
839,841,CONTAINS
842,5,HAS_TAG
842,843,HAS_TAG
842,844,CONTAINS
845,17,HAS_TAG
845,846,HAS_TAG
845,847,CONTAINS
848,415,HAS_TAG
848,849,HAS_TAG
848,850,CONTAINS
851,329,HAS_TAG
851,584,HAS_TAG
851,852,CONTAINS
853,55,HAS_TAG
853,854,HAS_TAG
853,57,CONTAINS
855,68,HAS_TAG
855,856,HAS_TAG
855,857,CONTAINS
858,27,HAS_TAG
858,338,HAS_TAG
858,859,CONTAINS
860,13,HAS_TAG
860,861,HAS_TAG
860,862,CONTAINS
863,91,HAS_TAG
863,864,HAS_TAG
863,865,CONTAINS
232,866,HAS_TAG
867,68,HAS_TAG
867,868,HAS_TAG
867,869,CONTAINS
870,124,HAS_TAG
870,76,HAS_TAG
870,871,CONTAINS
872,10,HAS_TAG
872,873,HAS_TAG
872,874,CONTAINS
875,9,HAS_TAG
875,876,HAS_TAG
875,877,CONTAINS
878,752,HAS_TAG
878,879,HAS_TAG
878,880,CONTAINS
881,882,HAS_TAG
881,1,HAS_TAG
881,883,CONTAINS
884,10,HAS_TAG
884,885,HAS_TAG
884,886,CONTAINS
887,335,HAS_TAG
887,888,HAS_TAG
887,889,CONTAINS
890,891,HAS_TAG
890,9,HAS_TAG
890,892,CONTAINS
893,894,HAS_TAG
893,9,HAS_TAG
893,895,CONTAINS
896,559,HAS_TAG
896,897,HAS_TAG
896,898,CONTAINS
899,885,HAS_TAG
899,900,HAS_TAG
899,901,CONTAINS
902,752,HAS_TAG
902,903,HAS_TAG
902,904,CONTAINS
905,906,HAS_TAG
905,52,HAS_TAG
905,907,CONTAINS
908,909,HAS_TAG
908,144,HAS_TAG
908,910,CONTAINS
911,616,HAS_TAG
911,912,HAS_TAG
911,913,CONTAINS
914,5,HAS_TAG
914,915,HAS_TAG
914,916,CONTAINS
917,55,HAS_TAG
917,918,HAS_TAG
917,919,CONTAINS
920,631,HAS_TAG
920,921,HAS_TAG
920,922,CONTAINS
923,924,HAS_TAG
923,344,HAS_TAG
923,925,CONTAINS
926,927,HAS_TAG
926,928,HAS_TAG
926,929,CONTAINS
930,931,HAS_TAG
930,932,HAS_TAG
930,933,CONTAINS
934,68,HAS_TAG
934,935,HAS_TAG
934,936,CONTAINS
937,68,HAS_TAG
937,938,HAS_TAG
937,939,CONTAINS
940,244,HAS_TAG
940,941,HAS_TAG
940,363,CONTAINS
942,329,HAS_TAG
942,344,HAS_TAG
942,345,CONTAINS
943,13,HAS_TAG
943,944,HAS_TAG
943,945,CONTAINS
946,51,HAS_TAG
946,947,HAS_TAG
946,948,CONTAINS
949,10,HAS_TAG
949,950,HAS_TAG
949,951,CONTAINS
952,953,HAS_TAG
952,9,HAS_TAG
952,954,CONTAINS
955,75,HAS_TAG
955,956,HAS_TAG
955,957,CONTAINS
958,45,HAS_TAG
958,59,HAS_TAG
958,959,CONTAINS
960,68,HAS_TAG
960,18,HAS_TAG
960,961,CONTAINS
962,17,HAS_TAG
962,963,HAS_TAG
962,964,CONTAINS
965,311,HAS_TAG
965,623,HAS_TAG
965,966,CONTAINS
967,27,HAS_TAG
967,968,HAS_TAG
967,969,CONTAINS
970,5,HAS_TAG
970,971,HAS_TAG
970,972,CONTAINS
973,115,HAS_TAG
973,9,HAS_TAG
973,974,CONTAINS
975,17,HAS_TAG
975,976,HAS_TAG
975,977,CONTAINS
978,39,HAS_TAG
978,85,HAS_TAG
978,578,CONTAINS
979,13,HAS_TAG
979,644,HAS_TAG
979,25,CONTAINS
980,27,HAS_TAG
980,82,HAS_TAG
980,83,CONTAINS
981,10,HAS_TAG
981,141,HAS_TAG
981,951,CONTAINS
982,17,HAS_TAG
982,24,HAS_TAG
982,37,CONTAINS
983,27,HAS_TAG
983,338,HAS_TAG
983,426,CONTAINS
984,17,HAS_TAG
984,59,HAS_TAG
984,137,CONTAINS
985,1,HAS_TAG
985,459,HAS_TAG
985,460,CONTAINS
986,17,HAS_TAG
986,172,HAS_TAG
986,173,CONTAINS
987,988,HAS_TAG
987,88,HAS_TAG
987,989,CONTAINS
990,10,HAS_TAG
990,79,HAS_TAG
990,80,CONTAINS
991,27,HAS_TAG
991,28,HAS_TAG
991,29,CONTAINS
992,372,HAS_TAG
992,686,HAS_TAG
992,687,CONTAINS
993,5,HAS_TAG
993,6,HAS_TAG
993,760,CONTAINS
994,1,HAS_TAG
994,68,HAS_TAG
994,69,CONTAINS
995,55,HAS_TAG
995,56,HAS_TAG
995,57,CONTAINS
996,10,HAS_TAG
996,804,HAS_TAG
996,805,CONTAINS
997,233,HAS_TAG
997,234,HAS_TAG
997,235,CONTAINS
998,68,HAS_TAG
998,999,HAS_TAG
998,1000,CONTAINS
1001,91,HAS_TAG
1001,182,HAS_TAG
1001,1002,CONTAINS
1003,68,HAS_TAG
1003,1004,HAS_TAG
1003,1005,CONTAINS
1006,13,HAS_TAG
1006,1007,HAS_TAG
1006,1008,CONTAINS
1009,329,HAS_TAG
1009,1010,HAS_TAG
1009,1011,CONTAINS
1012,17,HAS_TAG
1012,40,HAS_TAG
1012,108,CONTAINS
1013,778,HAS_TAG
1013,1014,HAS_TAG
1013,1015,CONTAINS
1016,51,HAS_TAG
1016,52,HAS_TAG
1016,53,CONTAINS
1017,55,HAS_TAG
1017,56,HAS_TAG
1017,57,CONTAINS
1018,10,HAS_TAG
1018,509,HAS_TAG
1018,510,CONTAINS
1019,9,HAS_TAG
1019,45,HAS_TAG
1019,46,CONTAINS
1020,27,HAS_TAG
1020,1021,HAS_TAG
1020,29,CONTAINS
1022,10,HAS_TAG
1022,141,HAS_TAG
1022,142,CONTAINS
1023,13,HAS_TAG
1023,648,HAS_TAG
1023,649,CONTAINS
1024,329,HAS_TAG
1024,584,HAS_TAG
1024,852,CONTAINS
1025,5,HAS_TAG
1025,6,HAS_TAG
1025,7,CONTAINS
1026,39,HAS_TAG
1026,1027,HAS_TAG
1026,1028,CONTAINS
1029,115,HAS_TAG
1029,9,HAS_TAG
1029,116,CONTAINS
1030,17,HAS_TAG
1030,59,HAS_TAG
1030,218,CONTAINS
1031,91,HAS_TAG
1031,182,HAS_TAG
1031,1002,CONTAINS
1032,1,HAS_TAG
1032,68,HAS_TAG
1032,69,CONTAINS
1033,9,HAS_TAG
1033,10,HAS_TAG
1033,11,CONTAINS
1034,13,HAS_TAG
1034,14,HAS_TAG
1034,15,CONTAINS
1035,13,HAS_TAG
1035,24,HAS_TAG
1035,167,CONTAINS
1036,269,HAS_TAG
1036,177,HAS_TAG
1036,291,CONTAINS
1037,10,HAS_TAG
1037,79,HAS_TAG
1037,80,CONTAINS
1038,17,HAS_TAG
1038,1039,HAS_TAG
1038,1040,CONTAINS
1041,124,HAS_TAG
1041,1042,HAS_TAG
1041,1043,CONTAINS
1044,17,HAS_TAG
1044,1045,HAS_TAG
1044,1046,CONTAINS
1047,5,HAS_TAG
1047,504,HAS_TAG
1047,505,CONTAINS
1048,51,HAS_TAG
1048,237,HAS_TAG
1048,1049,CONTAINS
1050,27,HAS_TAG
1050,82,HAS_TAG
1050,83,CONTAINS
1051,91,HAS_TAG
1051,152,HAS_TAG
1051,153,CONTAINS
1052,13,HAS_TAG
1052,164,HAS_TAG
1052,165,CONTAINS
1053,10,HAS_TAG
1053,161,HAS_TAG
1053,162,CONTAINS
1054,17,HAS_TAG
1054,102,HAS_TAG
1054,103,CONTAINS
1055,51,HAS_TAG
1055,95,HAS_TAG
1055,96,CONTAINS
1056,91,HAS_TAG
1056,807,HAS_TAG
1056,808,CONTAINS
1057,124,HAS_TAG
1057,820,HAS_TAG
1057,821,CONTAINS
1058,91,HAS_TAG
1058,814,HAS_TAG
1058,815,CONTAINS
1059,71,HAS_TAG
1059,817,HAS_TAG
1059,818,CONTAINS
1060,482,HAS_TAG
1060,823,HAS_TAG
1060,824,CONTAINS
1061,68,HAS_TAG
1061,826,HAS_TAG
1061,827,CONTAINS
1062,10,HAS_TAG
1062,804,HAS_TAG
1062,805,CONTAINS
1063,27,HAS_TAG
1063,24,HAS_TAG
1063,802,CONTAINS
1064,799,HAS_TAG
1064,76,HAS_TAG
1064,800,CONTAINS
1065,68,HAS_TAG
1065,796,HAS_TAG
1065,797,CONTAINS
1066,13,HAS_TAG
1066,861,HAS_TAG
1066,862,CONTAINS
1067,68,HAS_TAG
1067,856,HAS_TAG
1067,857,CONTAINS
1068,27,HAS_TAG
1068,338,HAS_TAG
1068,859,CONTAINS
1069,329,HAS_TAG
1069,584,HAS_TAG
1069,852,CONTAINS
1070,55,HAS_TAG
1070,854,HAS_TAG
1070,57,CONTAINS
1071,13,HAS_TAG
1071,31,HAS_TAG
1071,32,CONTAINS
1072,51,HAS_TAG
1072,52,HAS_TAG
1072,53,CONTAINS
1073,45,HAS_TAG
1073,59,HAS_TAG
1073,959,CONTAINS
1074,68,HAS_TAG
1074,18,HAS_TAG
1074,961,CONTAINS
1075,27,HAS_TAG
1075,24,HAS_TAG
1075,802,CONTAINS
1076,810,HAS_TAG
1076,811,HAS_TAG
1076,812,CONTAINS
1077,91,HAS_TAG
1077,864,HAS_TAG
1077,865,CONTAINS
1078,233,HAS_TAG
1078,866,HAS_TAG
1078,235,CONTAINS
1079,68,HAS_TAG
1079,868,HAS_TAG
1079,869,CONTAINS
1080,1,HAS_TAG
1080,208,HAS_TAG
1080,209,CONTAINS
1081,124,HAS_TAG
1081,76,HAS_TAG
1081,871,CONTAINS
1082,10,HAS_TAG
1082,873,HAS_TAG
1082,874,CONTAINS
1083,9,HAS_TAG
1083,876,HAS_TAG
1083,877,CONTAINS
1084,752,HAS_TAG
1084,879,HAS_TAG
1084,880,CONTAINS
1085,882,HAS_TAG
1085,1,HAS_TAG
1085,883,CONTAINS
1086,10,HAS_TAG
1086,885,HAS_TAG
1086,886,CONTAINS
1087,335,HAS_TAG
1087,888,HAS_TAG
1087,889,CONTAINS
1088,891,HAS_TAG
1088,9,HAS_TAG
1088,892,CONTAINS
1089,894,HAS_TAG
1089,9,HAS_TAG
1089,895,CONTAINS
1090,559,HAS_TAG
1090,897,HAS_TAG
1090,898,CONTAINS
1091,885,HAS_TAG
1091,900,HAS_TAG
1091,901,CONTAINS
1092,752,HAS_TAG
1092,903,HAS_TAG
1092,904,CONTAINS
1093,17,HAS_TAG
1093,172,HAS_TAG
1093,173,CONTAINS
1094,269,HAS_TAG
1094,177,HAS_TAG
1094,291,CONTAINS
1095,1,HAS_TAG
1095,68,HAS_TAG
1095,69,CONTAINS
1096,91,HAS_TAG
1096,182,HAS_TAG
1096,1002,CONTAINS
1097,17,HAS_TAG
1097,1045,HAS_TAG
1097,1046,CONTAINS
1098,1,HAS_TAG
1098,459,HAS_TAG
1098,460,CONTAINS
1099,10,HAS_TAG
1099,161,HAS_TAG
1099,162,CONTAINS
1100,329,HAS_TAG
1100,584,HAS_TAG
1100,852,CONTAINS
1101,17,HAS_TAG
1101,172,HAS_TAG
1101,173,CONTAINS
1102,269,HAS_TAG
1102,177,HAS_TAG
1102,291,CONTAINS
1103,9,HAS_TAG
1103,45,HAS_TAG
1103,46,CONTAINS
1104,1,HAS_TAG
1104,68,HAS_TAG
1104,69,CONTAINS
1105,115,HAS_TAG
1105,9,HAS_TAG
1105,974,CONTAINS
1106,91,HAS_TAG
1106,182,HAS_TAG
1106,1002,CONTAINS
1107,17,HAS_TAG
1107,1045,HAS_TAG
1107,1046,CONTAINS
1108,1,HAS_TAG
1108,459,HAS_TAG
1108,460,CONTAINS
1109,10,HAS_TAG
1109,161,HAS_TAG
1109,162,CONTAINS
1110,329,HAS_TAG
1110,584,HAS_TAG
1110,852,CONTAINS
1111,17,HAS_TAG
1111,172,HAS_TAG
1111,173,CONTAINS
1112,269,HAS_TAG
1112,177,HAS_TAG
1112,291,CONTAINS
1113,9,HAS_TAG
1113,45,HAS_TAG
1113,46,CONTAINS
1114,1,HAS_TAG
1114,68,HAS_TAG
1114,69,CONTAINS
1115,115,HAS_TAG
1115,9,HAS_TAG
1115,974,CONTAINS
1116,91,HAS_TAG
1116,182,HAS_TAG
1116,1002,CONTAINS
1117,17,HAS_TAG
1117,1045,HAS_TAG
1117,1046,CONTAINS
1118,1,HAS_TAG
1118,459,HAS_TAG
1118,460,CONTAINS
1119,10,HAS_TAG
1119,161,HAS_TAG
1119,162,CONTAINS
1120,329,HAS_TAG
1120,584,HAS_TAG
1120,852,CONTAINS
1121,17,HAS_TAG
1121,172,HAS_TAG
1121,173,CONTAINS
1122,269,HAS_TAG
1122,177,HAS_TAG
1122,291,CONTAINS
1123,9,HAS_TAG
1123,45,HAS_TAG
1123,46,CONTAINS
1124,1,HAS_TAG
1124,68,HAS_TAG
1124,69,CONTAINS
1125,115,HAS_TAG
1125,9,HAS_TAG
1125,974,CONTAINS
1126,91,HAS_TAG
1126,182,HAS_TAG
1126,1002,CONTAINS
1127,17,HAS_TAG
1127,1045,HAS_TAG
1127,1046,CONTAINS
1128,1,HAS_TAG
1128,459,HAS_TAG
1128,460,CONTAINS
1129,10,HAS_TAG
1129,161,HAS_TAG
1129,162,CONTAINS
1130,329,HAS_TAG
1130,584,HAS_TAG
1130,852,CONTAINS
1131,17,HAS_TAG
1131,172,HAS_TAG
1131,173,CONTAINS
1132,269,HAS_TAG
1132,177,HAS_TAG
1132,291,CONTAINS
1133,9,HAS_TAG
1133,45,HAS_TAG
1133,46,CONTAINS
1134,1,HAS_TAG
1134,68,HAS_TAG
1134,69,CONTAINS
1135,115,HAS_TAG
1135,9,HAS_TAG
1135,974,CONTAINS
1136,91,HAS_TAG
1136,182,HAS_TAG
1136,1002,CONTAINS
1137,17,HAS_TAG
1137,1045,HAS_TAG
1137,1046,CONTAINS
1138,1,HAS_TAG
1138,459,HAS_TAG
1138,460,CONTAINS
1139,329,HAS_TAG
1139,584,HAS_TAG
1139,852,CONTAINS
1140,17,HAS_TAG
1140,172,HAS_TAG
1140,173,CONTAINS
1141,269,HAS_TAG
1141,177,HAS_TAG
1141,291,CONTAINS
1142,9,HAS_TAG
1142,45,HAS_TAG
1142,46,CONTAINS
1143,1,HAS_TAG
1143,68,HAS_TAG
1143,69,CONTAINS
1144,115,HAS_TAG
1144,9,HAS_TAG
1144,974,CONTAINS
1145,91,HAS_TAG
1145,182,HAS_TAG
1145,1002,CONTAINS
1146,17,HAS_TAG
1146,1045,HAS_TAG
1146,1046,CONTAINS
1147,1,HAS_TAG
1147,459,HAS_TAG
1147,460,CONTAINS
1148,10,HAS_TAG
1148,161,HAS_TAG
1148,162,CONTAINS
1149,329,HAS_TAG
1149,584,HAS_TAG
1149,852,CONTAINS
1150,17,HAS_TAG
1150,963,HAS_TAG
1150,964,CONTAINS
1151,9,HAS_TAG
1151,10,HAS_TAG
1151,11,CONTAINS
1152,13,HAS_TAG
1152,14,HAS_TAG
1152,15,CONTAINS
1153,13,HAS_TAG
1153,24,HAS_TAG
1153,167,CONTAINS
1154,13,HAS_TAG
1154,164,HAS_TAG
1154,165,CONTAINS
1155,13,HAS_TAG
1155,169,HAS_TAG
1155,170,CONTAINS
1156,13,HAS_TAG
1156,31,HAS_TAG
1156,32,CONTAINS
1157,27,HAS_TAG
1157,28,HAS_TAG
1157,29,CONTAINS
1158,13,HAS_TAG
1158,24,HAS_TAG
1158,25,CONTAINS
1159,9,HAS_TAG
1159,48,HAS_TAG
1159,49,CONTAINS
1160,17,HAS_TAG
1160,963,HAS_TAG
1160,964,CONTAINS
1161,9,HAS_TAG
1161,10,HAS_TAG
1161,11,CONTAINS
1162,13,HAS_TAG
1162,14,HAS_TAG
1162,15,CONTAINS
1163,13,HAS_TAG
1163,24,HAS_TAG
1163,167,CONTAINS
1164,13,HAS_TAG
1164,164,HAS_TAG
1164,165,CONTAINS
1165,13,HAS_TAG
1165,169,HAS_TAG
1165,170,CONTAINS
1166,13,HAS_TAG
1166,31,HAS_TAG
1166,32,CONTAINS
1167,27,HAS_TAG
1167,28,HAS_TAG
1167,29,CONTAINS
1168,13,HAS_TAG
1168,24,HAS_TAG
1168,25,CONTAINS
1169,9,HAS_TAG
1169,48,HAS_TAG
1169,49,CONTAINS
1170,17,HAS_TAG
1170,963,HAS_TAG
1170,964,CONTAINS
1171,9,HAS_TAG
1171,10,HAS_TAG
1171,11,CONTAINS
1172,13,HAS_TAG
1172,14,HAS_TAG
1172,15,CONTAINS
1173,13,HAS_TAG
1173,24,HAS_TAG
1173,167,CONTAINS
1174,13,HAS_TAG
1174,164,HAS_TAG
1174,165,CONTAINS
1175,13,HAS_TAG
1175,169,HAS_TAG
1175,170,CONTAINS
1176,27,HAS_TAG
1176,28,HAS_TAG
1176,29,CONTAINS
1177,13,HAS_TAG
1177,24,HAS_TAG
1177,25,CONTAINS
1178,9,HAS_TAG
1178,48,HAS_TAG
1178,49,CONTAINS
1179,17,HAS_TAG
1179,963,HAS_TAG
1179,964,CONTAINS
1180,9,HAS_TAG
1180,10,HAS_TAG
1180,11,CONTAINS
1181,13,HAS_TAG
1181,14,HAS_TAG
1181,15,CONTAINS
1182,13,HAS_TAG
1182,164,HAS_TAG
1182,165,CONTAINS
1183,13,HAS_TAG
1183,169,HAS_TAG
1183,170,CONTAINS
1184,13,HAS_TAG
1184,31,HAS_TAG
1184,32,CONTAINS
979,24,HAS_TAG
1185,9,HAS_TAG
1185,48,HAS_TAG
1185,49,CONTAINS
1186,17,HAS_TAG
1186,172,HAS_TAG
1186,173,CONTAINS
1187,269,HAS_TAG
1187,177,HAS_TAG
1187,291,CONTAINS
1188,9,HAS_TAG
1188,45,HAS_TAG
1188,46,CONTAINS
1189,1,HAS_TAG
1189,68,HAS_TAG
1189,69,CONTAINS
1190,115,HAS_TAG
1190,9,HAS_TAG
1190,974,CONTAINS
1191,91,HAS_TAG
1191,182,HAS_TAG
1191,1002,CONTAINS
1192,17,HAS_TAG
1192,1045,HAS_TAG
1192,1046,CONTAINS
1193,1,HAS_TAG
1193,459,HAS_TAG
1193,460,CONTAINS
1194,10,HAS_TAG
1194,161,HAS_TAG
1194,162,CONTAINS
1195,329,HAS_TAG
1195,584,HAS_TAG
1195,852,CONTAINS
1196,17,HAS_TAG
1196,172,HAS_TAG
1196,173,CONTAINS
1197,269,HAS_TAG
1197,177,HAS_TAG
1197,291,CONTAINS
1198,9,HAS_TAG
1198,45,HAS_TAG
1198,46,CONTAINS
1199,1,HAS_TAG
1199,68,HAS_TAG
1199,69,CONTAINS
1200,115,HAS_TAG
1200,9,HAS_TAG
1200,974,CONTAINS
1201,91,HAS_TAG
1201,182,HAS_TAG
1201,1002,CONTAINS
1202,17,HAS_TAG
1202,1045,HAS_TAG
1202,1046,CONTAINS
1203,1,HAS_TAG
1203,459,HAS_TAG
1203,460,CONTAINS
1204,10,HAS_TAG
1204,161,HAS_TAG
1204,162,CONTAINS
1205,329,HAS_TAG
1205,584,HAS_TAG
1205,852,CONTAINS
1206,17,HAS_TAG
1206,172,HAS_TAG
1206,173,CONTAINS
1207,269,HAS_TAG
1207,177,HAS_TAG
1207,291,CONTAINS
1208,9,HAS_TAG
1208,45,HAS_TAG
1208,46,CONTAINS
1209,1,HAS_TAG
1209,68,HAS_TAG
1209,69,CONTAINS
1210,115,HAS_TAG
1210,9,HAS_TAG
1210,974,CONTAINS
1211,91,HAS_TAG
1211,182,HAS_TAG
1211,1002,CONTAINS
1212,17,HAS_TAG
1212,1045,HAS_TAG
1212,1046,CONTAINS
1213,1,HAS_TAG
1213,459,HAS_TAG
1213,460,CONTAINS
1214,10,HAS_TAG
1214,161,HAS_TAG
1214,162,CONTAINS
1215,329,HAS_TAG
1215,584,HAS_TAG
1215,852,CONTAINS
1216,17,HAS_TAG
1216,172,HAS_TAG
1216,173,CONTAINS
1217,269,HAS_TAG
1217,177,HAS_TAG
1217,291,CONTAINS
1218,9,HAS_TAG
1218,45,HAS_TAG
1218,46,CONTAINS
1219,1,HAS_TAG
1219,68,HAS_TAG
1219,69,CONTAINS
1220,115,HAS_TAG
1220,9,HAS_TAG
1220,974,CONTAINS
1221,91,HAS_TAG
1221,182,HAS_TAG
1221,1002,CONTAINS
1222,17,HAS_TAG
1222,1045,HAS_TAG
1222,1046,CONTAINS
1223,1,HAS_TAG
1223,459,HAS_TAG
1223,460,CONTAINS
1224,10,HAS_TAG
1224,161,HAS_TAG
1224,162,CONTAINS
1225,329,HAS_TAG
1225,584,HAS_TAG
1225,852,CONTAINS
1226,17,HAS_TAG
1226,172,HAS_TAG
1226,173,CONTAINS
1227,269,HAS_TAG
1227,177,HAS_TAG
1227,291,CONTAINS
1228,9,HAS_TAG
1228,45,HAS_TAG
1228,46,CONTAINS
1229,1,HAS_TAG
1229,68,HAS_TAG
1229,69,CONTAINS
1230,115,HAS_TAG
1230,9,HAS_TAG
1230,974,CONTAINS
1231,91,HAS_TAG
1231,182,HAS_TAG
1231,1002,CONTAINS
1232,17,HAS_TAG
1232,1045,HAS_TAG
1232,1046,CONTAINS
1233,1,HAS_TAG
1233,459,HAS_TAG
1233,460,CONTAINS
1234,10,HAS_TAG
1234,161,HAS_TAG
1234,162,CONTAINS
1235,329,HAS_TAG
1235,584,HAS_TAG
1235,852,CONTAINS
1236,17,HAS_TAG
1236,172,HAS_TAG
1236,173,CONTAINS
1237,269,HAS_TAG
1237,177,HAS_TAG
1237,291,CONTAINS
1238,9,HAS_TAG
1238,45,HAS_TAG
1238,46,CONTAINS
1239,1,HAS_TAG
1239,68,HAS_TAG
1239,69,CONTAINS
1240,115,HAS_TAG
1240,9,HAS_TAG
1240,974,CONTAINS
1241,91,HAS_TAG
1241,182,HAS_TAG
1241,1002,CONTAINS
1242,17,HAS_TAG
1242,1045,HAS_TAG
1242,1046,CONTAINS
1243,1,HAS_TAG
1243,459,HAS_TAG
1243,460,CONTAINS
1244,10,HAS_TAG
1244,161,HAS_TAG
1244,162,CONTAINS
1245,329,HAS_TAG
1245,584,HAS_TAG
1245,852,CONTAINS
1246,17,HAS_TAG
1246,172,HAS_TAG
1246,173,CONTAINS
1247,269,HAS_TAG
1247,177,HAS_TAG
1247,291,CONTAINS
1248,9,HAS_TAG
1248,45,HAS_TAG
1248,46,CONTAINS
1249,1,HAS_TAG
1249,68,HAS_TAG
1249,69,CONTAINS
1250,115,HAS_TAG
1250,9,HAS_TAG
1250,974,CONTAINS
1251,91,HAS_TAG
1251,182,HAS_TAG
1251,1002,CONTAINS
1252,17,HAS_TAG
1252,1045,HAS_TAG
1252,1046,CONTAINS
1253,1,HAS_TAG
1253,459,HAS_TAG
1253,460,CONTAINS
1254,10,HAS_TAG
1254,161,HAS_TAG
1254,162,CONTAINS
1255,329,HAS_TAG
1255,584,HAS_TAG
1255,852,CONTAINS
1256,17,HAS_TAG
1256,172,HAS_TAG
1256,173,CONTAINS
1257,269,HAS_TAG
1257,177,HAS_TAG
1257,291,CONTAINS
1258,9,HAS_TAG
1258,45,HAS_TAG
1258,46,CONTAINS
1259,1,HAS_TAG
1259,68,HAS_TAG
1259,69,CONTAINS
1260,115,HAS_TAG
1260,9,HAS_TAG
1260,974,CONTAINS
1261,91,HAS_TAG
1261,182,HAS_TAG
1261,1002,CONTAINS
1262,17,HAS_TAG
1262,1045,HAS_TAG
1262,1046,CONTAINS
1263,1,HAS_TAG
1263,459,HAS_TAG
1263,460,CONTAINS
1264,10,HAS_TAG
1264,161,HAS_TAG
1264,162,CONTAINS
1265,329,HAS_TAG
1265,584,HAS_TAG
1265,852,CONTAINS
1266,17,HAS_TAG
1266,172,HAS_TAG
1266,173,CONTAINS
1267,269,HAS_TAG
1267,177,HAS_TAG
1267,291,CONTAINS
1268,9,HAS_TAG
1268,45,HAS_TAG
1268,46,CONTAINS
1269,1,HAS_TAG
1269,68,HAS_TAG
1269,69,CONTAINS
1270,115,HAS_TAG
1270,9,HAS_TAG
1270,974,CONTAINS
1271,91,HAS_TAG
1271,182,HAS_TAG
1271,1002,CONTAINS
1272,17,HAS_TAG
1272,1045,HAS_TAG
1272,1046,CONTAINS
1273,1,HAS_TAG
1273,459,HAS_TAG
1273,460,CONTAINS
1274,10,HAS_TAG
1274,161,HAS_TAG
1274,162,CONTAINS
1275,329,HAS_TAG
1275,584,HAS_TAG
1275,852,CONTAINS
1276,17,HAS_TAG
1276,172,HAS_TAG
1276,173,CONTAINS
1277,269,HAS_TAG
1277,177,HAS_TAG
1277,291,CONTAINS
1278,9,HAS_TAG
1278,45,HAS_TAG
1278,46,CONTAINS
1279,1,HAS_TAG
1279,68,HAS_TAG
1279,69,CONTAINS
1280,115,HAS_TAG
1280,9,HAS_TAG
1280,974,CONTAINS
1281,91,HAS_TAG
1281,182,HAS_TAG
1281,1002,CONTAINS
1282,17,HAS_TAG
1282,1045,HAS_TAG
1282,1046,CONTAINS
1283,1,HAS_TAG
1283,459,HAS_TAG
1283,460,CONTAINS
1284,10,HAS_TAG
1284,161,HAS_TAG
1284,162,CONTAINS
1285,329,HAS_TAG
1285,584,HAS_TAG
1285,852,CONTAINS
1286,17,HAS_TAG
1286,172,HAS_TAG
1286,173,CONTAINS
1287,269,HAS_TAG
1287,177,HAS_TAG
1287,291,CONTAINS
1288,9,HAS_TAG
1288,45,HAS_TAG
1288,46,CONTAINS
1289,1,HAS_TAG
1289,68,HAS_TAG
1289,69,CONTAINS
1290,115,HAS_TAG
1290,9,HAS_TAG
1290,974,CONTAINS
1291,91,HAS_TAG
1291,182,HAS_TAG
1291,1002,CONTAINS
1292,17,HAS_TAG
1292,1045,HAS_TAG
1292,1046,CONTAINS
1293,1,HAS_TAG
1293,459,HAS_TAG
1293,460,CONTAINS
1294,10,HAS_TAG
1294,161,HAS_TAG
1294,162,CONTAINS
1295,329,HAS_TAG
1295,584,HAS_TAG
1295,852,CONTAINS
1296,17,HAS_TAG
1296,172,HAS_TAG
1296,173,CONTAINS
1297,269,HAS_TAG
1297,177,HAS_TAG
1297,291,CONTAINS
1298,9,HAS_TAG
1298,45,HAS_TAG
1298,46,CONTAINS
1299,1,HAS_TAG
1299,68,HAS_TAG
1299,69,CONTAINS
1300,115,HAS_TAG
1300,9,HAS_TAG
1300,974,CONTAINS
1301,91,HAS_TAG
1301,182,HAS_TAG
1301,1002,CONTAINS
1302,17,HAS_TAG
1302,1045,HAS_TAG
1302,1046,CONTAINS
1303,1,HAS_TAG
1303,459,HAS_TAG
1303,460,CONTAINS
1304,10,HAS_TAG
1304,161,HAS_TAG
1304,162,CONTAINS
1305,329,HAS_TAG
1305,584,HAS_TAG
1305,852,CONTAINS
1306,17,HAS_TAG
1306,172,HAS_TAG
1306,173,CONTAINS
1307,269,HAS_TAG
1307,177,HAS_TAG
1307,291,CONTAINS
1308,9,HAS_TAG
1308,45,HAS_TAG
1308,46,CONTAINS
1309,1,HAS_TAG
1309,68,HAS_TAG
1309,69,CONTAINS
1310,115,HAS_TAG
1310,9,HAS_TAG
1310,974,CONTAINS
1311,91,HAS_TAG
1311,182,HAS_TAG
1311,1002,CONTAINS
1312,17,HAS_TAG
1312,1045,HAS_TAG
1312,1046,CONTAINS
1313,1,HAS_TAG
1313,459,HAS_TAG
1313,460,CONTAINS
1314,10,HAS_TAG
1314,161,HAS_TAG
1314,162,CONTAINS
1315,329,HAS_TAG
1315,584,HAS_TAG
1315,852,CONTAINS
1316,17,HAS_TAG
1316,172,HAS_TAG
1316,173,CONTAINS
1317,269,HAS_TAG
1317,177,HAS_TAG
1317,291,CONTAINS
1318,9,HAS_TAG
1318,45,HAS_TAG
1318,46,CONTAINS
1319,1,HAS_TAG
1319,68,HAS_TAG
1319,69,CONTAINS
1320,115,HAS_TAG
1320,9,HAS_TAG
1320,974,CONTAINS
1321,91,HAS_TAG
1321,182,HAS_TAG
1321,1002,CONTAINS
1322,17,HAS_TAG
1322,1045,HAS_TAG
1322,1046,CONTAINS
1323,1,HAS_TAG
1323,459,HAS_TAG
1323,460,CONTAINS
1324,10,HAS_TAG
1324,161,HAS_TAG
1324,162,CONTAINS
1325,329,HAS_TAG
1325,584,HAS_TAG
1325,852,CONTAINS
1326,17,HAS_TAG
1326,172,HAS_TAG
1326,173,CONTAINS
1327,269,HAS_TAG
1327,177,HAS_TAG
1327,291,CONTAINS
1328,9,HAS_TAG
1328,45,HAS_TAG
1328,46,CONTAINS
1329,1,HAS_TAG
1329,68,HAS_TAG
1329,69,CONTAINS
1330,115,HAS_TAG
1330,9,HAS_TAG
1330,974,CONTAINS
1331,91,HAS_TAG
1331,182,HAS_TAG
1331,1002,CONTAINS
1332,17,HAS_TAG
1332,1045,HAS_TAG
1332,1046,CONTAINS
1333,1,HAS_TAG
1333,459,HAS_TAG
1333,460,CONTAINS
1334,10,HAS_TAG
1334,161,HAS_TAG
1334,162,CONTAINS
1335,329,HAS_TAG
1335,584,HAS_TAG
1335,852,CONTAINS
1336,17,HAS_TAG
1336,172,HAS_TAG
1336,173,CONTAINS
1337,269,HAS_TAG
1337,177,HAS_TAG
1337,291,CONTAINS
1338,9,HAS_TAG
1338,45,HAS_TAG
1338,46,CONTAINS
1339,1,HAS_TAG
1339,68,HAS_TAG
1339,69,CONTAINS
1340,115,HAS_TAG
1340,9,HAS_TAG
1340,974,CONTAINS
1341,91,HAS_TAG
1341,182,HAS_TAG
1341,1002,CONTAINS
1342,17,HAS_TAG
1342,1045,HAS_TAG
1342,1046,CONTAINS
1343,1,HAS_TAG
1343,459,HAS_TAG
1343,460,CONTAINS
1344,10,HAS_TAG
1344,161,HAS_TAG
1344,162,CONTAINS
1345,329,HAS_TAG
1345,584,HAS_TAG
1345,852,CONTAINS
1346,17,HAS_TAG
1346,172,HAS_TAG
1346,173,CONTAINS
1347,269,HAS_TAG
1347,177,HAS_TAG
1347,291,CONTAINS
1348,9,HAS_TAG
1348,45,HAS_TAG
1348,46,CONTAINS
1349,1,HAS_TAG
1349,68,HAS_TAG
1349,69,CONTAINS
1350,115,HAS_TAG
1350,9,HAS_TAG
1350,974,CONTAINS
1351,91,HAS_TAG
1351,182,HAS_TAG
1351,1002,CONTAINS
1352,17,HAS_TAG
1352,1045,HAS_TAG
1352,1046,CONTAINS
1353,1,HAS_TAG
1353,459,HAS_TAG
1353,460,CONTAINS
1354,10,HAS_TAG
1354,161,HAS_TAG
1354,162,CONTAINS
1355,329,HAS_TAG
1355,584,HAS_TAG
1355,852,CONTAINS
1356,17,HAS_TAG
1356,172,HAS_TAG
1356,173,CONTAINS
1357,269,HAS_TAG
1357,177,HAS_TAG
1357,291,CONTAINS
1358,9,HAS_TAG
1358,45,HAS_TAG
1358,46,CONTAINS
1359,1,HAS_TAG
1359,68,HAS_TAG
1359,69,CONTAINS
1360,115,HAS_TAG
1360,9,HAS_TAG
1360,974,CONTAINS
1361,91,HAS_TAG
1361,182,HAS_TAG
1361,1002,CONTAINS
1362,17,HAS_TAG
1362,1045,HAS_TAG
1362,1046,CONTAINS
1363,1,HAS_TAG
1363,459,HAS_TAG
1363,460,CONTAINS
1364,10,HAS_TAG
1364,161,HAS_TAG
1364,162,CONTAINS
1365,329,HAS_TAG
1365,584,HAS_TAG
1365,852,CONTAINS
1366,17,HAS_TAG
1366,172,HAS_TAG
1366,173,CONTAINS
1367,269,HAS_TAG
1367,177,HAS_TAG
1367,291,CONTAINS
1368,9,HAS_TAG
1368,45,HAS_TAG
1368,46,CONTAINS
1369,1,HAS_TAG
1369,68,HAS_TAG
1369,69,CONTAINS
1370,115,HAS_TAG
1370,9,HAS_TAG
1370,974,CONTAINS
1371,91,HAS_TAG
1371,182,HAS_TAG
1371,1002,CONTAINS
1372,17,HAS_TAG
1372,1045,HAS_TAG
1372,1046,CONTAINS
1373,1,HAS_TAG
1373,459,HAS_TAG
1373,460,CONTAINS
1374,10,HAS_TAG
1374,161,HAS_TAG
1374,162,CONTAINS
1375,329,HAS_TAG
1375,584,HAS_TAG
1375,852,CONTAINS
1376,17,HAS_TAG
1376,172,HAS_TAG
1376,173,CONTAINS
1377,269,HAS_TAG
1377,177,HAS_TAG
1377,291,CONTAINS
1378,9,HAS_TAG
1378,45,HAS_TAG
1378,46,CONTAINS
1379,1,HAS_TAG
1379,68,HAS_TAG
1379,69,CONTAINS
1380,115,HAS_TAG
1380,9,HAS_TAG
1380,974,CONTAINS
1381,91,HAS_TAG
1381,182,HAS_TAG
1381,1002,CONTAINS
1382,17,HAS_TAG
1382,1045,HAS_TAG
1382,1046,CONTAINS
1383,1,HAS_TAG
1383,459,HAS_TAG
1383,460,CONTAINS
1384,10,HAS_TAG
1384,161,HAS_TAG
1384,162,CONTAINS
1385,329,HAS_TAG
1385,584,HAS_TAG
1385,852,CONTAINS
1386,17,HAS_TAG
1386,172,HAS_TAG
1386,173,CONTAINS
1387,269,HAS_TAG
1387,177,HAS_TAG
1387,291,CONTAINS
1388,9,HAS_TAG
1388,45,HAS_TAG
1388,46,CONTAINS
1389,1,HAS_TAG
1389,68,HAS_TAG
1389,69,CONTAINS
1390,115,HAS_TAG
1390,9,HAS_TAG
1390,974,CONTAINS
1391,91,HAS_TAG
1391,182,HAS_TAG
1391,1002,CONTAINS
1392,17,HAS_TAG
1392,1045,HAS_TAG
1392,1046,CONTAINS
1393,1,HAS_TAG
1393,459,HAS_TAG
1393,460,CONTAINS
1394,10,HAS_TAG
1394,161,HAS_TAG
1394,162,CONTAINS
1395,329,HAS_TAG
1395,584,HAS_TAG
1395,852,CONTAINS
1396,17,HAS_TAG
1396,172,HAS_TAG
1396,173,CONTAINS
1397,269,HAS_TAG
1397,177,HAS_TAG
1397,291,CONTAINS
1398,9,HAS_TAG
1398,45,HAS_TAG
1398,46,CONTAINS
1399,1,HAS_TAG
1399,68,HAS_TAG
1399,69,CONTAINS
1400,115,HAS_TAG
1400,9,HAS_TAG
1400,974,CONTAINS
1401,91,HAS_TAG
1401,182,HAS_TAG
1401,1002,CONTAINS
1402,17,HAS_TAG
1402,1045,HAS_TAG
1402,1046,CONTAINS
1403,1,HAS_TAG
1403,459,HAS_TAG
1403,460,CONTAINS
1404,10,HAS_TAG
1404,161,HAS_TAG
1404,162,CONTAINS
1405,329,HAS_TAG
1405,584,HAS_TAG
1405,852,CONTAINS
1406,17,HAS_TAG
1406,172,HAS_TAG
1406,173,CONTAINS
1407,269,HAS_TAG
1407,177,HAS_TAG
1407,291,CONTAINS
1408,9,HAS_TAG
1408,45,HAS_TAG
1408,46,CONTAINS
1409,1,HAS_TAG
1409,68,HAS_TAG
1409,69,CONTAINS
1410,115,HAS_TAG
1410,9,HAS_TAG
1410,974,CONTAINS
1411,91,HAS_TAG
1411,182,HAS_TAG
1411,1002,CONTAINS
1412,17,HAS_TAG
1412,1045,HAS_TAG
1412,1046,CONTAINS
1413,1,HAS_TAG
1413,459,HAS_TAG
1413,460,CONTAINS
1414,10,HAS_TAG
1414,161,HAS_TAG
1414,162,CONTAINS
1415,329,HAS_TAG
1415,584,HAS_TAG
1415,852,CONTAINS
1416,17,HAS_TAG
1416,172,HAS_TAG
1416,173,CONTAINS
1417,269,HAS_TAG
1417,177,HAS_TAG
1417,291,CONTAINS
1418,9,HAS_TAG
1418,45,HAS_TAG
1418,46,CONTAINS
1419,1,HAS_TAG
1419,68,HAS_TAG
1419,69,CONTAINS
1420,115,HAS_TAG
1420,9,HAS_TAG
1420,974,CONTAINS
1421,91,HAS_TAG
1421,182,HAS_TAG
1421,1002,CONTAINS
1422,17,HAS_TAG
1422,1045,HAS_TAG
1422,1046,CONTAINS
1423,1,HAS_TAG
1423,459,HAS_TAG
1423,460,CONTAINS
1424,10,HAS_TAG
1424,161,HAS_TAG
1424,162,CONTAINS
1425,329,HAS_TAG
1425,584,HAS_TAG
1425,852,CONTAINS
1426,17,HAS_TAG
1426,172,HAS_TAG
1426,173,CONTAINS
1427,269,HAS_TAG
1427,177,HAS_TAG
1427,291,CONTAINS
1428,9,HAS_TAG
1428,45,HAS_TAG
1428,46,CONTAINS
1429,1,HAS_TAG
1429,68,HAS_TAG
1429,69,CONTAINS
1430,115,HAS_TAG
1430,9,HAS_TAG
1430,974,CONTAINS
1431,91,HAS_TAG
1431,182,HAS_TAG
1431,1002,CONTAINS
1432,17,HAS_TAG
1432,1045,HAS_TAG
1432,1046,CONTAINS
1433,1,HAS_TAG
1433,459,HAS_TAG
1433,460,CONTAINS
1434,10,HAS_TAG
1434,161,HAS_TAG
1434,162,CONTAINS
1435,329,HAS_TAG
1435,584,HAS_TAG
1435,852,CONTAINS
1436,17,HAS_TAG
1436,172,HAS_TAG
1436,173,CONTAINS
1437,269,HAS_TAG
1437,177,HAS_TAG
1437,291,CONTAINS
1438,9,HAS_TAG
1438,45,HAS_TAG
1438,46,CONTAINS
1439,1,HAS_TAG
1439,68,HAS_TAG
1439,69,CONTAINS
1440,115,HAS_TAG
1440,9,HAS_TAG
1440,974,CONTAINS
1441,91,HAS_TAG
1441,182,HAS_TAG
1441,1002,CONTAINS
1442,17,HAS_TAG
1442,1045,HAS_TAG
1442,1046,CONTAINS
1443,1,HAS_TAG
1443,459,HAS_TAG
1443,460,CONTAINS
1444,10,HAS_TAG
1444,161,HAS_TAG
1444,162,CONTAINS
1445,329,HAS_TAG
1445,584,HAS_TAG
1445,852,CONTAINS
1446,17,HAS_TAG
1446,172,HAS_TAG
1446,173,CONTAINS
1447,269,HAS_TAG
1447,177,HAS_TAG
1447,291,CONTAINS
1448,9,HAS_TAG
1448,45,HAS_TAG
1448,46,CONTAINS
1449,1,HAS_TAG
1449,68,HAS_TAG
1449,69,CONTAINS
1450,115,HAS_TAG
1450,9,HAS_TAG
1450,974,CONTAINS
1451,91,HAS_TAG
1451,182,HAS_TAG
1451,1002,CONTAINS
1452,17,HAS_TAG
1452,1045,HAS_TAG
1452,1046,CONTAINS
1453,1,HAS_TAG
1453,459,HAS_TAG
1453,460,CONTAINS
1454,10,HAS_TAG
1454,161,HAS_TAG
1454,162,CONTAINS
1455,329,HAS_TAG
1455,584,HAS_TAG
1455,852,CONTAINS
1456,17,HAS_TAG
1456,172,HAS_TAG
1456,173,CONTAINS
1457,269,HAS_TAG
1457,177,HAS_TAG
1457,291,CONTAINS
1458,9,HAS_TAG
1458,45,HAS_TAG
1458,46,CONTAINS
1459,1,HAS_TAG
1459,68,HAS_TAG
1459,69,CONTAINS
1460,115,HAS_TAG
1460,9,HAS_TAG
1460,974,CONTAINS
1461,91,HAS_TAG
1461,182,HAS_TAG
1461,1002,CONTAINS
1462,17,HAS_TAG
1462,1045,HAS_TAG
1462,1046,CONTAINS
1463,1,HAS_TAG
1463,459,HAS_TAG
1463,460,CONTAINS
1464,10,HAS_TAG
1464,161,HAS_TAG
1464,162,CONTAINS
1465,329,HAS_TAG
1465,584,HAS_TAG
1465,852,CONTAINS
1466,17,HAS_TAG
1466,172,HAS_TAG
1466,173,CONTAINS
1467,269,HAS_TAG
1467,177,HAS_TAG
1467,291,CONTAINS
1468,9,HAS_TAG
1468,45,HAS_TAG
1468,46,CONTAINS
1469,1,HAS_TAG
1469,68,HAS_TAG
1469,69,CONTAINS
1470,115,HAS_TAG
1470,9,HAS_TAG
1470,974,CONTAINS
1471,91,HAS_TAG
1471,182,HAS_TAG
1471,1002,CONTAINS
1472,17,HAS_TAG
1472,1045,HAS_TAG
1472,1046,CONTAINS
1473,1,HAS_TAG
1473,459,HAS_TAG
1473,460,CONTAINS
1474,10,HAS_TAG
1474,161,HAS_TAG
1474,162,CONTAINS
1475,329,HAS_TAG
1475,584,HAS_TAG
1475,852,CONTAINS
1476,17,HAS_TAG
1476,172,HAS_TAG
1476,173,CONTAINS
1477,269,HAS_TAG
1477,177,HAS_TAG
1477,291,CONTAINS
1478,9,HAS_TAG
1478,45,HAS_TAG
1478,46,CONTAINS
1479,1,HAS_TAG
1479,68,HAS_TAG
1479,69,CONTAINS
1480,115,HAS_TAG
1480,9,HAS_TAG
1480,974,CONTAINS
1481,5,HAS_TAG
1481,6,HAS_TAG
1481,760,CONTAINS
1482,17,HAS_TAG
1482,112,HAS_TAG
1482,1483,CONTAINS
1484,5,HAS_TAG
1484,40,HAS_TAG
1484,1485,CONTAINS
1486,329,HAS_TAG
1486,215,HAS_TAG
1486,1487,CONTAINS
1488,9,HAS_TAG
1488,45,HAS_TAG
1488,1489,CONTAINS
